pid,name,username,cpu_percent,memory_percent
0,kernel_task,root,,
1,launchd,root,,
90,logd,root,,
91,smd,root,,
92,UserEventAgent,root,,
95,uninstalld,root,,
96,fseventsd,root,,
97,mediaremoted,root,,
98,systemstats,root,,
100,configd,root,,
101,endpointsecurity,root,,
102,powerd,root,,
103,biomed,_biome,,
105,amfid,root,,
107,remoted,root,,
109,keybagd,root,,
110,softwareupdated,_softwareupdate,,
112,watchdogd,root,,
116,mds,root,,
117,iconservicesd,_iconservices,,
118,kernelmanagerd,root,,
119,diskarbitrationd,root,,
122,coreduetd,root,,
123,syslogd,root,,
126,thermalmonitord,root,,
127,opendirectoryd,root,,
128,apsd,root,,
130,launchservicesd,root,,
131,timed,_timed,,
132,usbmuxd,_usbmuxd,,
133,securityd,root,,
134,auditd,root,,
138,autofsd,root,,
139,displaypolicyd,_displaypolicyd,,
140,dasd,root,,
142,distnoted,_distnote,,
143,AppleCredentialM,root,,
145,dirhelper,root,,
146,logind,root,,
147,revisiond,root,,
148,KernelEventAgent,root,,
149,usermanagerd,root,,
151,bluetoothd,root,,
152,notifyd,root,,
153,sandboxd,root,,
154,corebrightnessd,root,,
155,AirPlayXPCHelper,root,,
156,com.apple.cmio.r,root,,
157,WindowServer,root,,
158,tccd,root,,
159,cfprefsd,root,,
166,aslmanager,root,,
167,analyticsd,_analyticsd,,
187,loginwindow,root,0.0,0.44493675231933594
199,lsd,root,,
201,coreservicesd,root,,
202,contextstored,root,,
203,backupd-helper,root,,
204,PowerUIAgent,root,,
213,csnameddatad,root,,
217,runningboardd,root,,
218,trustd,_trustd,,
232,distnoted,root,,
233,syspolicyd,root,,
234,PlugInLibrarySer,root,,
235,coreaudiod,_coreaudiod,,
244,apfsd,root,,
245,nehelper,root,,
249,nsurlsessiond,_nsurlsessiond,,
250,airportd,root,,
251,usbd,root,,
253,trustdFileHelper,root,,
256,distnoted,_coreaudiod,,
257,containermanager,root,,
259,deleted_helper,root,,
261,mobileassetd,root,,
262,awdd,root,,
265,authd,root,,
268,socketfilterfw,root,,
269,symptomsd,_networkd,,
270,findmydeviced,root,,
271,mDNSResponder,_mdnsresponder,,
272,FindMyMacd,root,,
273,sysextd,root,,
274,distnoted,_cmiodalassistants,,
275,mDNSResponderHel,root,,
276,com.apple.CodeSi,root,,
288,diskmanagementd,root,,
289,backupd,root,,
290,wifip2pd,root,,
292,com.apple.audio.,_coreaudiod,,
294,UVCAssistant,_cmiodalassistants,,
295,systemstatusd,root,,
299,AudioComponentRe,root,,
301,softwareupdated,_softwareupdate,,
303,audioclocksyncd,root,,
304,com.apple.geod,_locationd,,
305,distnoted,_locationd,,
306,secinitd,_locationd,,
307,cfprefsd,_locationd,,
308,trustd,_locationd,,
309,distnoted,_softwareupdate,,
310,suhelperd,root,,
311,containermanager,_locationd,,
312,locationd,_locationd,,
313,searchpartyd,root,,
314,cron,root,,
315,distnoted,_nsurlsessiond,,
316,siriinferenced,root,,
318,com.apple.Driver,_driverkit,,
319,thermald,root,,
322,hidd,_hidd,,
323,distnoted,_windowserver,,
325,secinitd,root,,
328,wifianalyticsd,root,,
330,mds_stores,root,,
334,backgroundtaskma,root,,
335,countryd,root,,
336,BlueTool,root,,
338,colorsync.displa,root,,
339,com.apple.ColorS,root,,
340,colorsyncd,root,,
341,appleeventsd,_appleevents,,
342,sharedfilelistd,root,,
343,bootinstalld,root,,
348,com.apple.Accoun,root,,
351,GSSCred,root,,
359,coreauthd,root,,
360,distnoted,jachian,0.0,0.041103363037109375
361,securityd_servic,root,,
362,distnoted,_spotlight,,
363,cfprefsd,jachian,0.0,0.04181861877441406
364,UserEventAgent,jachian,0.0,0.12116432189941406
365,gamecontrollerd,_gamecontrollerd,,
366,seld,_applepay,,
368,knowledge-agent,jachian,0.0,0.31723976135253906
370,com.apple.sbd,jachian,0.0,0.08931159973144531
371,ContinuityCaptureAgent,jachian,0.0,0.09622573852539062
373,lsd,jachian,0.0,0.12445449829101562
374,usernoted,jachian,0.0,0.10399818420410156
375,BackgroundTaskManagementAgent,jachian,0.0,0.08177757263183594
376,accountsd,jachian,0.0,0.3504753112792969
377,tccd,jachian,0.0,0.09784698486328125
378,talagent,jachian,0.0,0.07886886596679688
379,WindowManager,jachian,0.0,0.15439987182617188
380,Dock,jachian,0.0,0.24366378784179688
381,ControlCenter,jachian,0.0,0.3930091857910156
382,secd,jachian,0.0,0.1311779022216797
383,SystemUIServer,jachian,0.0,0.15654563903808594
384,Finder,jachian,0.0,0.6386756896972656
387,csnameddatad,jachian,0.0,0.015306472778320312
388,systemsoundserve,root,,
389,containermanagerd,jachian,0.0,0.048923492431640625
390,trustd,jachian,0.0,0.11305809020996094
391,donotdisturbd,jachian,0.0,0.17938613891601562
392,AppSSOAgent,jachian,0.0,0.09860992431640625
393,nearbyd,_nearbyd,,
394,pboard,jachian,0.0,0.05125999450683594
395,distnoted,_appleevents,,
396,pkd,jachian,0.0,0.06933212280273438
397,filecoordination,root,,
398,siriactionsd,jachian,0.0,0.1781463623046875
399,TrustedPeersHelper,jachian,0.0,0.07338523864746094
400,CoreLocationAgent,jachian,0.0,0.09508132934570312
401,bird,jachian,0.0,0.12488365173339844
402,calaccessd,jachian,0.0,0.1877307891845703
403,NotificationCenter,jachian,0.0,0.3228187561035156
404,secinitd,jachian,0.0,0.037479400634765625
405,captiveagent,_captiveagent,,
406,QuickLookUIService,jachian,0.0,0.11630058288574219
407,iconservicesagent,jachian,0.0,0.13594627380371094
408,sharedfilelistd,jachian,0.0,0.08363723754882812
409,useractivityd,jachian,0.0,0.07228851318359375
410,cloudd,jachian,0.0,0.2243518829345703
411,com.apple.dock.extra,jachian,0.0,0.25115013122558594
412,com.apple.quicklook.ThumbnailsAgent,jachian,0.0,0.13937950134277344
413,fileproviderd,jachian,0.0,0.14891624450683594
414,BiomeAgent,jachian,0.0,0.09436607360839844
415,ViewBridgeAuxiliary,jachian,0.0,0.07200241088867188
416,AppSSODaemon,root,,
417,identityservicesd,jachian,0.0,0.215911865234375
418,replayd,jachian,0.0,0.06394386291503906
419,suggestd,jachian,0.0,0.7453441619873047
420,sociallayerd,jachian,0.0,0.18897056579589844
421,callservicesd,jachian,0.0,0.2148151397705078
422,com.apple.hiservices-xpcservice,jachian,0.0,0.03209114074707031
423,automountd,root,,
424,AMPDeviceDiscoveryAgent,jachian,0.0,0.059032440185546875
425,fontd,jachian,0.0,0.03676414489746094
427,fontworker,jachian,0.0,0.039386749267578125
430,Spotlight,jachian,0.0,0.24576187133789062
431,WirelessRadioMan,root,,
432,rapportd,jachian,0.0,0.13189315795898438
433,sharingd,jachian,0.0,0.22974014282226562
434,ctkahp,root,,
435,contactsd,jachian,0.0,0.16613006591796875
436,mobiletimerd,jachian,0.0,0.058746337890625
437,AudioComponentRegistrar,jachian,0.0,0.04343986511230469
438,CarbonComponentScannerXPC,jachian,0.0,0.03209114074707031
439,CallHistoryPluginHelper,jachian,0.0,0.11248588562011719
440,Dropbox,jachian,0.0,0.7336616516113281
441,routined,jachian,0.0,0.21295547485351562
447,ExploreSearchRes,root,,
449,mysqld,_mysql,,
454,imklaunchagent,jachian,0.0,0.057220458984375
456,corespotlightd,jachian,0.0,1.984405517578125
457,CoreServicesUIAgent,jachian,0.0,0.11668205261230469
458,WiFiAgent,jachian,0.0,0.1232147216796875
459,ctkahp,jachian,0.0,0.027418136596679688
461,taskgated,root,,
463,pbs,jachian,0.0,0.04153251647949219
464,Google Drive,jachian,0.0,0.10061264038085938
465,extensionkitservice,jachian,0.0,0.05612373352050781
466,PAH_Extension,jachian,0.0,0.10290145874023438
467,HomeWidget,jachian,0.0,0.074005126953125
468,ctkd,jachian,0.0,0.040721893310546875
469,heard,jachian,0.0,0.17938613891601562
470,corespeechd,jachian,0.0,0.08230209350585938
472,axassetsd,jachian,0.0,0.092315673828125
474,SafariAdapter,jachian,0.0,0.10142326354980469
475,ContextStoreAgent,jachian,0.0,0.13518333435058594
479,Siri,jachian,0.0,0.14739036560058594
480,icdd,jachian,0.0,0.042438507080078125
483,askpermissiond,jachian,0.0,0.09479522705078125
485,AirPlayUIAgent,jachian,0.0,0.07925033569335938
486,imagent,jachian,0.0,0.2219676971435547
488,cloudpaird,jachian,0.0,0.131988525390625
489,diagnostics_agent,jachian,0.0,0.0926971435546875
490,bluetoothuserd,jachian,0.0,0.05550384521484375
491,TextInputMenuAgent,jachian,0.0,0.1640796661376953
494,amsaccountsd,jachian,0.0,0.1125335693359375
496,mh,jachian,0.0,0.045299530029296875
497,ReportCrash,jachian,0.0,0.03204345703125
498,AppleCameraAssis,_cmiodalassistants,,
499,dmd,jachian,0.0,0.07505416870117188
500,amsengagementd,jachian,0.0,0.15587806701660156
501,UsageTrackingAgent,jachian,0.0,0.09260177612304688
502,TextInputSwitcher,jachian,0.0,0.115203857421875
503,com.apple.Ambien,root,,
504,syncdefaultsd,jachian,0.0,0.11448860168457031
505,com.apple.ColorS,root,,
506,CommCenter,jachian,0.0,0.16040802001953125
508,Dropbox,jachian,0.0,0.07171630859375
509,WiFiVelocityAgent,jachian,0.0,0.022363662719726562
510,WeatherWidget,jachian,0.0,0.20928382873535156
511,ScreenTimeWidgetExtension,jachian,0.0,0.30655860900878906
512,wifivelocityd,root,,
513,spindump,root,,
514,spindump_agent,jachian,0.0,0.0244140625
515,IMDPersistenceAgent,jachian,0.0,0.28138160705566406
516,homed,jachian,0.0,0.1731395721435547
517,Dropbox,jachian,0.0,0.08797645568847656
518,nsurlsessiond,jachian,0.0,0.11816024780273438
519,com.apple.siri.embeddedspeech,jachian,0.0,0.0885009765625
520,ScreenTimeAgent,jachian,0.0,0.24046897888183594
521,parsecd,jachian,0.0,0.16074180603027344
522,netbiosd,_netbios,,
523,swcd,jachian,0.0,0.0782012939453125
524,triald,jachian,0.0,0.08606910705566406
525,com.apple.geod,jachian,0.0,0.12431144714355469
526,ctkd,_ctkd,,
527,coreauthd,jachian,0.0,0.06785392761230469
528,networkserviceproxy,jachian,0.0,0.13098716735839844
529,itunescloudd,jachian,0.0,0.18815994262695312
530,transparencyd,jachian,0.0,0.1026153564453125
532,ProtectedCloudKeySyncing,jachian,0.0,0.07271766662597656
533,familycircled,jachian,0.0,0.19135475158691406
534,StatusKitAgent,jachian,0.0,0.08168220520019531
535,ContextService,jachian,0.0,0.12574195861816406
536,CategoriesService,jachian,0.0,0.029134750366210938
537,akd,jachian,0.0,0.09951591491699219
538,XProtectBehavior,root,,
539,com.apple.FaceTime.FTConversationService,jachian,0.0,0.05855560302734375
540,mediaremoteagent,jachian,0.0,0.023508071899414062
541,adid,_fpsd,,
542,avconferenced,jachian,0.0,0.09970664978027344
543,assistantd,jachian,0.0,0.2803802490234375
544,peopled,jachian,0.0,0.14057159423828125
545,dataaccessd,jachian,0.0,0.2162456512451172
546,fmfd,jachian,0.0,0.1350879669189453
549,com.apple.siri.embeddedspeech,jachian,0.0,0.0736236572265625
550,cdpd,jachian,0.0,0.07123947143554688
551,SoftwareUpdateNotificationManager,jachian,0.0,0.11844635009765625
552,SubmitDiagInfo,root,,
553,lockoutagent,jachian,0.0,0.06780624389648438
554,neagent,jachian,0.0,0.077056884765625
555,CMFSyncAgent,jachian,0.0,0.06160736083984375
556,APFSUserAgent,jachian,0.0,0.03466606140136719
558,iCloudNotificationAgent,jachian,0.0,0.11959075927734375
560,CategoriesService,jachian,0.0,0.031948089599609375
565,logd_helper,root,,
567,CategoriesService,jachian,0.0,0.03752708435058594
569,CategoriesService,jachian,0.0,0.06213188171386719
570,Keychain Circle Notification,jachian,0.0,0.1316070556640625
572,CloudKeychainProxy,jachian,0.0,0.05364418029785156
574,SafeEjectGPUAgent,jachian,0.0,0.0270843505859375
575,SafeEjectGPUService,jachian,0.0,0.04134178161621094
577,CategoriesService,jachian,0.0,0.06222724914550781
579,seserviced,jachian,0.0,0.061893463134765625
580,deleted,jachian,0.0,0.07910728454589844
581,followupd,jachian,0.0,0.0457763671875
584,photolibraryd,jachian,0.0,0.3993988037109375
585,ScopedBookmarkAgent,jachian,0.0,0.03161430358886719
590,UIKitSystem,jachian,0.0,0.13027191162109375
591,AssetCache,_assetcache,,
592,appstoreagent,jachian,0.0,0.20613670349121094
593,AssetCacheTether,root,,
594,geodMachServiceBridge,jachian,0.0,0.05021095275878906
595,coresymbolicatio,root,,
596,cloudd,root,,
597,installcoordinat,_installcoordinationd,,
598,system_installd,root,,
599,com.apple.AppSto,root,,
600,aned,root,,
601,installd,root,,
603,storedownloadd,jachian,0.0,0.07662773132324219
605,promotedcontentd,jachian,0.0,0.0885009765625
607,progressd,jachian,0.0,0.06780624389648438
612,Dropbox Helper (GPU),jachian,0.0,0.10900497436523438
615,Electron,jachian,0.0,1.1513710021972656
617,CVMServer,root,,
618,VTDecoderXPCService,jachian,0.0,0.04591941833496094
619,Dropbox Helper,jachian,0.0,0.0774383544921875
621,crashpad_handler,jachian,0.0,0.021600723266601562
624,VTEncoderXPCService,jachian,0.0,0.04439353942871094
632,chrome_crashpad_handler,jachian,0.0,0.03218650817871094
633,Code Helper (GPU),jachian,0.0,0.6328582763671875
634,Code Helper,jachian,0.0,0.15206336975097656
635,VTDecoderXPCService,jachian,0.0,0.04591941833496094
638,Code Helper (Renderer),jachian,0.0,3.175497055053711
657,IOUserBluetoothS,_driverkit,,
658,AssetCacheLocatorService,jachian,0.0,0.05965232849121094
659,Dropbox Helper (Renderer),jachian,0.0,0.22978782653808594
661,commerce,jachian,0.0,0.14176368713378906
663,Dropbox Helper (Renderer),jachian,0.0,0.09098052978515625
679,XprotectService,root,,
694,VirtualBox,jachian,0.0,0.296783447265625
710,universalAccessAuthWarn,jachian,0.0,0.09188652038574219
718,Code Helper (Renderer),jachian,0.0,0.6539821624755859
719,Code Helper (Plugin),jachian,0.0,0.8596420288085938
720,Code Helper (Renderer),jachian,0.0,0.26526451110839844
741,VBoxXPCOMIPCD,jachian,0.0,0.03228187561035156
743,VBoxSVC,jachian,0.0,0.08263587951660156
766,Code Helper (Renderer),jachian,0.0,0.20356178283691406
774,cpptools,jachian,0.0,0.10828971862792969
780,misagent,root,,
790,Notes,jachian,0.0,0.4749774932861328
795,maild,jachian,0.0,0.13132095336914062
814,ndoagent,jachian,0.0,0.032711029052734375
816,contentlinkingd,jachian,0.0,0.05602836608886719
818,financed,jachian,0.0,0.09260177612304688
820,zsh,jachian,0.0,0.03714561462402344
821,PaperKitExtension,jachian,0.0,0.19431114196777344
853,colorsync.useragent,jachian,0.0,0.025653839111328125
854,com.apple.ColorSyncXPCAgent,jachian,0.0,0.017070770263671875
857,ContainerMetadataExtractor,jachian,0.0,0.06108283996582031
859,MTLCompilerServi,root,,
860,GroupSessionService,jachian,0.0,0.09093284606933594
866,mscamerad-xpc,jachian,0.0,0.025033950805664062
871,ptpcamerad,jachian,0.0,0.025177001953125
879,findmydevice-user-agent,jachian,0.0,0.06890296936035156
889,siriknowledged,jachian,0.0,0.2028942108154297
890,rtcreportingd,root,,
896,DropboxActivityProvider,jachian,0.0,0.09279251098632812
900,AppleSpell,jachian,0.0,1.5613555908203125
901,naturallanguaged,jachian,0.0,0.11143684387207031
902,keyboardservicesd,jachian,0.0,0.08978843688964844
904,,root,,
914,m,jachian,0.0,0.1286029815673828
924,SiriNCService,jachian,0.0,0.1418590545654297
962,diagnosticextensionsd,jachian,0.0,0.06456375122070312
965,iconservicesagen,root,,
982,distnoted,nobody,,
1039,ReportCrash,root,,
1044,distnoted,_trustd,,
1045,distnoted,_assetcache,,
1064,fairplayd,_fpsd,,
1073,symptomsd-diag,root,,
1075,CAReportingServi,root,,
1082,nfcd,_applepay,,
1107,,root,,
1158,linkd,jachian,0.0,0.07238388061523438
1228,,root,,
1242,UniversalControl,jachian,0.0,0.1410961151123047
1243,biomesyncd,jachian,0.0,0.07367134094238281
1245,distnoted,_gamecontrollerd,,
1246,com.apple.Mobile,root,,
1258,package_script_s,root,,
1276,sysmond,root,,
1289,photoanalysisd,jachian,0.0,0.3232002258300781
1290,remotemanagement,_rmd,,
1305,online-authd,root,,
1315,MTLAssetUpgraderD,jachian,0.0,0.06728172302246094
1320,cloudphotod,jachian,0.0,0.09431838989257812
1325,DiskUnmountWatcher,jachian,0.0,0.012445449829101562
1328,crashpad_handler,jachian,0.0,0.02155303955078125
1382,,root,,
1384,crashpad_handler,jachian,0.0,0.02155303955078125
1385,Google Drive,jachian,0.0,0.40149688720703125
1394,mdbulkimport,jachian,0.0,0.1316547393798828
1401,Google Drive Helper (GPU),jachian,0.0,0.2007007598876953
1404,Google Drive Helper,jachian,0.0,0.12478828430175781
1405,Google Drive Helper,jachian,0.0,0.13418197631835938
1406,Google Drive Helper (Renderer),jachian,0.0,0.13895034790039062
1407,Google Drive Helper (Renderer),jachian,0.0,0.2590656280517578
1412,FinderSyncExtension,jachian,0.0,0.10867118835449219
1416,VTDecoderXPCService,jachian,0.0,0.04591941833496094
1417,mscamerad-xpc,jachian,0.0,0.0247955322265625
1482,com.apple.audio.ComponentTagHelper,jachian,0.0,0.017547607421875
1485,distnoted,_accessoryupdater,,
1499,CategoriesService,jachian,0.0,0.06833076477050781
1500,Safari,jachian,0.0,1.2244224548339844
1501,com.apple.Safari.History,jachian,0.0,0.1347064971923828
1502,MTLCompilerService,jachian,0.0,0.11029243469238281
1504,com.apple.accessibility.mediaaccessibilityd,jachian,0.0,0.018358230590820312
1505,com.apple.WebKit.Networking,jachian,0.0,0.2772808074951172
1506,com.apple.audio.SandboxHelper,jachian,0.0,0.029134750366210938
1507,SafariBookmarksSyncAgent,jachian,0.0,0.2087116241455078
1508,translationd,jachian,0.0,0.08082389831542969
1509,PasswordBreachAgent,jachian,0.0,0.08602142333984375
1510,SafariLaunchAgent,jachian,0.0,0.14967918395996094
1511,com.apple.Safari.SandboxBroker,jachian,0.0,0.2213001251220703
1513,webinspectord,jachian,0.0,0.048065185546875
1514,com.apple.CoreSimulator.CoreSimulatorService,jachian,0.0,0.07991790771484375
1516,ImageIOXPCService,jachian,0.0,0.03962516784667969
1518,,root,,
1519,com.apple.appkit.xpc.openAndSavePanelService,jachian,0.0,0.26335716247558594
1521,SafariNotificationAgent,jachian,0.0,0.1495838165283203
1522,QuickLookUIService,jachian,0.0,0.11591911315917969
1525,SimulatorTrampoline,jachian,0.0,0.07801055908203125
1526,PlugInLibraryService,jachian,0.0,0.01239776611328125
1533,passd,jachian,0.0,0.12884140014648438
1543,com.apple.Safari.SafeBrowsing.Service,jachian,0.0,0.40264129638671875
1544,com.apple.Safari.SearchHelper,jachian,0.0,0.08258819580078125
1545,osanalyticshelpe,root,,
1553,webpushd,jachian,0.0,0.04277229309082031
1584,gamecontrolleragentd,jachian,0.0,0.04253387451171875
1601,com.apple.WebKit.WebContent,jachian,0.0,0.4974842071533203
1611,akd,root,,
1612,com.apple.WebKit.WebContent,jachian,0.0,0.3582477569580078
1626,,root,,
1705,MTLCompilerService,jachian,0.0,0.013780593872070312
1706,distnoted,_rmd,,
1707,InteractiveLegac,_rmd,,
1708,systemstats,root,,
1733,extensionkitservice,jachian,0.0,0.032806396484375
1734,adprivacyd,jachian,0.0,0.10943412780761719
1736,SafariLinkExtension,jachian,0.0,0.06861686706542969
1738,CalendarFocusConfigurationExtension,jachian,0.0,0.08158683776855469
1739,MailShortcutsExtension,jachian,0.0,0.09737014770507812
1751,,root,,
1752,LegacyProfilesSu,_rmd,,
1753,MessagesActionExtension,jachian,0.0,0.08139610290527344
1764,mdbulkimport,_spotlight,,
1765,mdworker,jachian,0.0,0.06108283996582031
1766,PasscodeSettings,_rmd,,
1793,trustd,_spotlight,,
1794,assistant_service,jachian,0.0,0.3612041473388672
1795,AccountSubscribe,_rmd,,
1805,ManagementTestSu,_rmd,,
1807,mdworker,_spotlight,,
1826,weatherd,jachian,0.0,0.0873565673828125
1867,,root,,
1913,,root,,
1959,,root,,
1979,devicecheckd,jachian,0.0,0.02460479736328125
1993,storeaccountd,jachian,0.0,0.09713172912597656
2011,,root,,
2067,memoryanalyticsd,root,,
2068,mobileactivation,root,,
2072,com.apple.WebKit.WebContent,jachian,0.0,1.4590740203857422
2073,,root,,
2097,com.apple.WebKit.GPU,jachian,0.0,0.1446247100830078
2110,reversetemplated,jachian,0.0,0.07424354553222656
2111,CrashReporterSup,root,,
2126,,root,,
2137,MTLCompilerService,jachian,0.0,0.09274482727050781
2183,,root,,
2232,,root,,
2280,,root,,
2316,proactiveeventtrackerd,jachian,0.0,0.04673004150390625
2335,,root,,
2403,,root,,
2458,,root,,
2513,,root,,
2557,containermanager,_spotlight,,
2568,,root,,
2591,tzd,root,,
2631,,root,,
2685,,root,,
2712,EscrowSecurityAlert,jachian,0.0,0.10142326354980469
2748,,root,,
2796,,root,,
2843,,root,,
2898,,root,,
2952,,root,,
3000,,root,,
3074,,root,,
3144,,root,,
3234,,root,,
3304,csimporter,jachian,0.0,0.05850791931152344
3305,com.apple.mail.SpotlightIndexExtension,jachian,0.0,0.08664131164550781
3308,com.apple.Notes.SpotlightIndexExtension,jachian,0.0,0.10957717895507812
3309,MobileSMSSpotlightImporterCatalyst,jachian,0.0,0.16412734985351562
3310,,root,,
3376,,root,,
3403,ssh-agent,jachian,0.0,0.011730194091796875
3456,,root,,
3504,,root,,
3550,,root,,
3612,,root,,
3672,,root,,
3723,,root,,
3772,,root,,
3830,,root,,
3907,,root,,
4008,,root,,
4056,,root,,
4102,,root,,
4144,,root,,
4191,,root,,
4200,com.apple.WebKit.WebContent,jachian,0.0,0.6010532379150391
4230,com.apple.WebKit.WebContent,jachian,0.0,0.32591819763183594
4231,MTLCompilerService,jachian,0.0,0.11887550354003906
4240,,root,,
4286,,root,,
4334,,root,,
4381,,root,,
4427,,root,,
4472,,root,,
4519,,root,,
4565,,root,,
4611,,root,,
4657,,root,,
4702,,root,,
4748,,root,,
4794,,root,,
4840,,root,,
4885,,root,,
4931,,root,,
4976,,root,,
5021,,root,,
5066,,root,,
5111,,root,,
5156,,root,,
5201,,root,,
5246,,root,,
5292,,root,,
5338,,root,,
5383,,root,,
5423,,root,,
5450,MTLCompilerService,jachian,0.0,0.09393692016601562
5451,com.apple.WebKit.WebContent,jachian,0.0,0.37398338317871094
5471,,root,,
5480,com.apple.audio.SandboxHelper,jachian,0.0,0.029134750366210938
5498,CategoriesService,jachian,0.0,0.04677772521972656
5561,,root,,
5587,mediaanalysisd,jachian,0.0,0.20551681518554688
5642,,root,,
5735,,root,,
5764,MTLCompilerService,jachian,0.0,0.10061264038085938
5824,,root,,
5854,com.apple.WebKit.WebContent,jachian,0.0,0.3651142120361328
5882,com.apple.WebKit.WebContent,jachian,0.0,0.3593921661376953
5886,com.apple.WebKit.WebContent,jachian,0.0,0.3613471984863281
5904,com.apple.WebKit.WebContent,jachian,0.0,0.3611564636230469
5912,,root,,
5934,com.apple.WebKit.WebContent,jachian,0.0,0.30670166015625
5950,com.apple.WebKit.WebContent,jachian,0.0,0.36487579345703125
6006,,root,,
6121,,root,,
6210,,root,,
6294,,root,,
6383,,root,,
6475,,root,,
6531,,root,,
6613,,root,,
6701,,root,,
6800,,root,,
6973,,root,,
7061,,root,,
7149,,root,,
7232,,root,,
7313,,root,,
7356,,root,,
7400,,root,,
7454,,root,,
7500,,root,,
7545,QuickLookSatellite,jachian,0.0,0.4384040832519531
7549,,root,,
7578,MTLCompilerService,jachian,0.0,0.09565353393554688
7594,com.apple.WebKit.WebContent,jachian,0.0,0.3909587860107422
7595,MTLCompilerService,jachian,0.0,0.014400482177734375
7597,,root,,
7641,PlugInLibraryService,jachian,0.0,0.012111663818359375
7642,ThumbnailExtension_macOS,jachian,0.0,0.11997222900390625
7643,TextEdit,jachian,0.0,0.3312110900878906
7644,XprotectService,jachian,0.0,0.04839897155761719
7647,,root,,
7673,mdwrite,jachian,0.0,0.045299530029296875
7684,com.apple.appkit.xpc.openAndSavePanelService,jachian,0.0,0.2644538879394531
7685,QuickLookUIService,jachian,0.0,0.11548995971679688
7700,,root,,
7745,,root,,
7872,,root,,
7920,,root,,
7965,,root,,
8010,,root,,
8055,,root,,
8087,com.apple.audio.,root,,
8102,,root,,
8147,,root,,
8192,,root,,
8238,,root,,
8283,,root,,
8328,,root,,
8373,,root,,
8413,,root,,
8458,,root,,
8504,,root,,
8549,,root,,
8577,com.apple.WebKit.WebContent,jachian,0.0,0.5117893218994141
8596,,root,,
8641,,root,,
8686,,root,,
8731,,root,,
8776,,root,,
8821,,root,,
8866,,root,,
8911,,root,,
8956,,root,,
9001,,root,,
9046,,root,,
9091,,root,,
9136,,root,,
9181,,root,,
9226,,root,,
9276,,root,,
9376,,root,,
9438,,root,,
9493,,root,,
9539,,root,,
9584,,root,,
9629,,root,,
9674,,root,,
9719,,root,,
9764,,root,,
9809,,root,,
9851,,root,,
9896,,root,,
9942,,root,,
9992,,root,,
10055,,root,,
10153,,root,,
10198,,root,,
10243,,root,,
10288,,root,,
10333,,root,,
10378,,root,,
10423,,root,,
10477,,root,,
10529,,root,,
10575,,root,,
10623,,root,,
10671,,root,,
10716,,root,,
10761,,root,,
10808,,root,,
10858,,root,,
10903,,root,,
10999,,root,,
11072,,root,,
11112,,root,,
11157,,root,,
11202,,root,,
11247,,root,,
11300,,root,,
11346,,root,,
11417,,root,,
11473,,root,,
11508,CallHistorySyncHelper,jachian,0.0,0.09107589721679688
11526,,root,,
11619,,root,,
11665,,root,,
11710,,root,,
11755,,root,,
11800,,root,,
11888,,root,,
11934,,root,,
11979,,root,,
12024,,root,,
12069,,root,,
12151,,root,,
12199,,root,,
12243,,root,,
12329,,root,,
12421,,root,,
12440,MTLCompilerService,jachian,0.0,0.12040138244628906
12493,,root,,
12581,,root,,
12626,,root,,
12706,,root,,
12759,,root,,
12805,,root,,
12850,,root,,
12938,,root,,
13022,,root,,
13106,,root,,
13190,,root,,
13277,,root,,
13365,,root,,
13454,,root,,
13542,,root,,
13630,,root,,
13683,,root,,
13764,,root,,
13852,,root,,
13939,,root,,
14027,,root,,
14178,,root,,
14234,,root,,
14390,,root,,
14558,,root,,
14618,,root,,
14715,,root,,
14790,,root,,
14837,,root,,
14882,,root,,
14927,,root,,
14972,,root,,
15017,,root,,
15063,,root,,
15155,,root,,
15257,,root,,
15348,,root,,
15435,,root,,
15501,,root,,
15546,,root,,
15641,,root,,
15687,,root,,
15732,,root,,
15796,,root,,
15889,,root,,
15956,,root,,
16034,,root,,
16081,,root,,
16153,,root,,
16200,,root,,
16242,,root,,
16307,,root,,
16371,,root,,
16374,Code Helper (Plugin),jachian,0.0,0.337982177734375
16395,Python,jachian,0.0,0.10280609130859375
16427,Python,jachian,0.0,0.020599365234375
16440,Code Helper (Plugin),jachian,0.0,1.3345718383789062
16463,,root,,
16535,,root,,
16629,,root,,
16705,,root,,
16756,,root,,
16805,,root,,
16857,,root,,
16905,,root,,
16952,,root,,
17059,,root,,
17127,,root,,
17200,,root,,
17262,,root,,
17307,,root,,
17352,,root,,
17397,,root,,
17443,,root,,
17488,,root,,
17534,,root,,
17579,,root,,
17624,,root,,
17669,,root,,
17709,,root,,
17754,,root,,
17799,,root,,
17844,,root,,
17889,,root,,
17934,,root,,
17979,,root,,
18024,,root,,
18069,,root,,
18114,,root,,
18159,,root,,
18204,,root,,
18258,,root,,
18303,,root,,
18348,,root,,
18393,,root,,
18438,,root,,
18483,,root,,
18528,,root,,
18573,,root,,
18620,,root,,
18665,,root,,
18710,,root,,
18755,,root,,
18801,,root,,
18841,,root,,
18889,,root,,
18956,,root,,
19001,,root,,
19050,,root,,
19095,,root,,
19140,,root,,
19247,,root,,
19248,DropboxFileProvider,jachian,0.0,0.20399093627929688
19250,DropboxFileProviderCH,jachian,0.0,0.022840499877929688
19385,,root,,
19410,ShipIt,jachian,0.0,0.03867149353027344
19433,Code Helper (Plugin),jachian,0.0,0.141143798828125
19474,,root,,
19584,,root,,
19672,,root,,
19725,,root,,
19793,,root,,
19897,,root,,
19999,,root,,
20096,,root,,
20117,Code Helper (Plugin),jachian,0.0,0.15230178833007812
20193,,root,,
20329,,root,,
20458,,root,,
20546,,root,,
20645,,root,,
20742,,root,,
21145,PowerChime,jachian,0.0,0.11868476867675781
21146,AquaAppearanceHelper,jachian,0.0,0.0873565673828125
23289,ASPCarryLog,root,,
23291,backgroundassets.user,jachian,0.0,0.051975250244140625
23292,intelligenceplatformd,jachian,0.0,0.07658004760742188
23293,mapspushd,jachian,0.0,0.11043548583984375
23651,com.apple.WebKit.WebContent,jachian,0.0,0.3089427947998047
24716,tipsd,jachian,0.0,0.124359130859375
24726,dprivacyd,root,,
24756,sirittsd,jachian,0.0,0.07128715515136719
24798,appleaccountd,jachian,0.0,0.08974075317382812
24821,microstackshot,root,,
24841,localizationswitcherd,jachian,0.0,0.03910064697265625
24842,GameControllerCo,_gamecontrollerd,,
24844,AssetCacheLocato,_assetcache,,
24845,com.apple.Stream,_nsurlsessiond,,
24884,periodic-wrapper,root,,
25001,RemoteManagementAgent,jachian,0.0,0.04754066467285156
25002,InteractiveLegacyProfilesSubscriber,jachian,0.0,0.06780624389648438
25006,LegacyProfilesSubscriber,jachian,0.0,0.06780624389648438
25007,PasscodeSettingsSubscriber,jachian,0.0,0.06775856018066406
25008,AccountSubscriber,jachian,0.0,0.0736236572265625
25009,ManagementTestSubscriber,jachian,0.0,0.032329559326171875
25122,sysdiagnose,root,,
25127,AMPArtworkAgent,jachian,0.0,0.08449554443359375
25313,proactived,jachian,0.0,0.0438690185546875
25370,media-indexer,jachian,0.0,0.1808643341064453
25371,AMPLibraryAgent,jachian,0.0,0.16355514526367188
25372,PodcastContentService,jachian,0.0,0.06566047668457031
25373,com.apple.BKAgentService,jachian,0.0,0.07982254028320312
25375,com.apple.audio.SandboxHelper,jachian,0.0,0.029134750366210938
25421,ospredictiond,root,,
26610,com.apple.WebKit.WebContent,jachian,0.0,0.46520233154296875
26614,com.apple.WebKit.WebContent,jachian,0.0,0.382232666015625
26620,MTLCompilerService,jachian,0.0,0.10042190551757812
29328,com.apple.WebKit.WebContent,jachian,0.0,0.5468845367431641
29340,com.apple.WebKit.WebContent,jachian,0.0,0.42061805725097656
32153,com.apple.WebKit.WebContent,jachian,0.0,0.48384666442871094
32160,MTLCompilerService,jachian,0.0,0.11315345764160156
32161,com.apple.WebKit.WebContent,jachian,0.0,1.567697525024414
32204,MTLCompilerService,jachian,0.0,0.1209259033203125
32396,com.apple.WebKit.WebContent,jachian,0.0,0.39162635803222656
34203,VTDecoderXPCService,jachian,0.0,0.05211830139160156
34211,metrickitd,jachian,0.0,0.028657913208007812
34249,contactsdonationagent,jachian,0.0,0.15287399291992188
34257,XProtect,root,,
34258,XProtectPluginSe,root,,
34588,com.apple.WebKit.WebContent,jachian,0.0,0.39997100830078125
34591,MTLCompilerService,jachian,0.0,0.10995864868164062
35693,VirtualBoxVM,jachian,0.0,19.29755210876465
39061,MTLCompilerService,jachian,0.0,0.12521743774414062
39435,com.apple.WebKit.WebContent,jachian,0.0,0.3921031951904297
39523,com.apple.WebKit.WebContent,jachian,0.0,0.3664970397949219
39525,MTLCompilerService,jachian,0.0,0.11334419250488281
39547,com.apple.WebKit.WebContent,jachian,0.0,0.5426406860351562
39548,MTLCompilerService,jachian,0.0,0.10514259338378906
39556,com.apple.WebKit.WebContent,jachian,0.0,0.3398418426513672
39571,MTLCompilerService,jachian,0.0,0.12373924255371094
39587,com.apple.WebKit.WebContent,jachian,0.0,0.6241798400878906
39632,com.apple.WebKit.WebContent,jachian,0.0,0.7038116455078125
39633,com.apple.WebKit.WebContent,jachian,0.0,0.5961894989013672
39678,com.apple.WebKit.WebContent,jachian,0.0,0.3116130828857422
39684,MTLCompilerService,jachian,0.0,0.12373924255371094
39692,MTLCompilerService,jachian,0.0,0.10838508605957031
39693,com.apple.WebKit.WebContent,jachian,0.0,0.33059120178222656
39694,MTLCompilerService,jachian,0.0,0.10843276977539062
39705,MTLCompilerService,jachian,0.0,0.11444091796875
39726,com.apple.WebKit.WebContent,jachian,0.0,0.2703666687011719
40094,MTLCompilerService,jachian,0.0,0.12145042419433594
40317,cpptools-srv,jachian,0.0,0.059795379638671875
40622,com.apple.WebKit.WebContent,jachian,0.0,1.2396812438964844
40623,com.apple.WebKit.WebContent,jachian,0.0,0.3928184509277344
40629,MTLCompilerService,jachian,0.0,0.12249946594238281
40630,com.apple.WebKit.WebContent,jachian,0.0,0.3970623016357422
40638,MTLCompilerService,jachian,0.0,0.124359130859375
40639,com.apple.WebKit.WebContent,jachian,0.0,0.2841472625732422
41235,griddatad,root,,
41247,IMAutomaticHistoryDeletionAgent,jachian,0.0,0.1087188720703125
41274,com.apple.photos.ImageConversionService,jachian,0.0,0.16813278198242188
41277,MessagesBlastDoorService,jachian,0.0,0.09355545043945312
41424,avatarsd,jachian,0.0,0.1544952392578125
41485,PerfPowerService,root,,
41538,com.apple.WebKit.WebContent,jachian,0.0,0.26230812072753906
41540,com.apple.WebKit.WebContent,jachian,0.0,0.25424957275390625
41551,com.apple.WebKit.WebContent,jachian,0.0,0.4380226135253906
41702,com.apple.WebKit.WebContent,jachian,0.0,0.5204200744628906
41715,MTLCompilerService,jachian,0.0,0.12412071228027344
41716,com.apple.WebKit.WebContent,jachian,0.0,0.29664039611816406
41891,Terminal,jachian,0.0,0.4368305206298828
41892,login,jachian,,
41893,zsh,jachian,0.0,0.012159347534179688
41963,com.apple.WebKit.WebContent,jachian,0.0,0.4173755645751953
41966,com.apple.WebKit.WebContent,jachian,0.0,0.5340099334716797
42583,remindd,jachian,0.0,0.2044677734375
43446,com.apple.WebKit.WebContent,jachian,0.0,0.26640892028808594
43448,com.apple.WebKit.WebContent,jachian,0.0,0.6986141204833984
43449,MTLCompilerService,jachian,0.0,0.12230873107910156
43451,com.apple.WebKit.WebContent,jachian,0.0,0.22978782653808594
43643,com.apple.iCloudHelper,jachian,0.0,0.09508132934570312
43665,mdworker_shared,jachian,0.0,0.1942157745361328
43753,mdworker_shared,jachian,0.0,0.14791488647460938
43754,mdworker_shared,jachian,0.0,0.1476287841796875
43796,Python,jachian,0.0,0.1282215118408203
